{"cameraMode":{"drawMode":0,"name":"Shaded","section":"Shading Mode"},"sceneLighting":true,"audioPlay":false,"sceneViewState":{"m_AlwaysRefresh":false,"showFog":true,"showSkybox":true,"showFlares":true,"showImageEffects":true,"showParticleSystems":true,"showVisualEffectGraphs":true,"m_FxEnabled":true},"in2DMode":false,"pivot":{"x":-9.456665992736817,"y":0.6340059041976929,"z":4.99721097946167},"rotation":{"x":0.0014999087434262038,"y":0.008114215917885304,"z":0.000019315533791086636,"w":-0.9999764561653137},"size":2.4186930656433107,"orthographic":true}