{"cameraMode":{"drawMode":0,"name":"Shaded","section":"Shading Mode"},"sceneLighting":true,"audioPlay":false,"sceneViewState":{"m_AlwaysRefresh":false,"showFog":true,"showSkybox":true,"showFlares":true,"showImageEffects":true,"showParticleSystems":true,"showVisualEffectGraphs":true,"m_FxEnabled":true},"in2DMode":false,"pivot":{"x":-29.531383514404298,"y":9.472207069396973,"z":-48.65184020996094},"rotation":{"x":0.32456785440444949,"y":0.3761468529701233,"z":-0.14261355996131898,"w":0.8560562133789063},"size":12.385934829711914,"orthographic":true}