{"cameraMode":{"drawMode":0,"name":"Shaded","section":"Shading Mode"},"sceneLighting":true,"audioPlay":false,"sceneViewState":{"m_AlwaysRefresh":false,"showFog":true,"showSkybox":true,"showFlares":true,"showImageEffects":true,"showParticleSystems":true,"showVisualEffectGraphs":true,"m_FxEnabled":true},"in2DMode":false,"pivot":{"x":-47.405975341796878,"y":2.498896598815918,"z":-45.9312858581543},"rotation":{"x":-0.050354406237602237,"y":0.029051881283521653,"z":-0.0014712082920596004,"w":-0.9983131289482117},"size":145.83334350585938,"orthographic":true}