{"cameraMode":{"drawMode":0,"name":"Shaded","section":"Shading Mode"},"sceneLighting":true,"audioPlay":false,"sceneViewState":{"m_AlwaysRefresh":false,"showFog":true,"showSkybox":true,"showFlares":true,"showImageEffects":true,"showParticleSystems":true,"showVisualEffectGraphs":true,"m_FxEnabled":true},"in2DMode":false,"pivot":{"x":-30.859813690185548,"y":4.53553581237793,"z":-34.743858337402347},"rotation":{"x":-0.07432141155004502,"y":-0.015364023856818676,"z":0.001147200702689588,"w":-0.9971262216567993},"size":412.6589660644531,"orthographic":true}