{"cameraMode":{"drawMode":0,"name":"Shaded","section":"Shading Mode"},"sceneLighting":false,"audioPlay":false,"sceneViewState":{"m_AlwaysRefresh":false,"showFog":true,"showSkybox":false,"showFlares":true,"showImageEffects":true,"showParticleSystems":true,"showVisualEffectGraphs":true,"m_FxEnabled":true},"in2DMode":false,"pivot":{"x":0.0011433139443397523,"y":-0.000005088746547698975,"z":4.470348358154297e-8},"rotation":{"x":0.0020448495633900167,"y":0.729861319065094,"z":0.002194939646869898,"w":-0.6836023330688477},"size":0.17725814878940583,"orthographic":true}