{"cameraMode":{"drawMode":0,"name":"Shaded","section":"Shading Mode"},"sceneLighting":false,"audioPlay":false,"sceneViewState":{"m_AlwaysRefresh":false,"showFog":true,"showSkybox":false,"showFlares":true,"showImageEffects":true,"showParticleSystems":true,"showVisualEffectGraphs":true,"m_FxEnabled":true},"in2DMode":false,"pivot":{"x":-0.018097272142767907,"y":0.001531653106212616,"z":1.6205012798309327e-7},"rotation":{"x":-0.0059974766336381439,"y":-0.027882317081093789,"z":0.00017318766913376749,"w":-0.9996033906936646},"size":0.21727487444877625,"orthographic":true}