{"cameraMode":{"drawMode":0,"name":"Shaded","section":"Shading Mode"},"sceneLighting":false,"audioPlay":false,"sceneViewState":{"m_AlwaysRefresh":false,"showFog":true,"showSkybox":false,"showFlares":true,"showImageEffects":true,"showParticleSystems":true,"showVisualEffectGraphs":true,"m_FxEnabled":true},"in2DMode":false,"pivot":{"x":2.270000457763672,"y":1.7250001430511475,"z":-1.0699987411499024},"rotation":{"x":-0.11902792751789093,"y":0.10614211857318878,"z":-0.012793422676622868,"w":-0.9871281385421753},"size":12.12435531616211,"orthographic":true}