{"cameraMode":{"drawMode":0,"name":"Shaded","section":"Shading Mode"},"sceneLighting":false,"audioPlay":false,"sceneViewState":{"m_AlwaysRefresh":false,"showFog":true,"showSkybox":false,"showFlares":true,"showImageEffects":true,"showParticleSystems":true,"showVisualEffectGraphs":true,"m_FxEnabled":true},"in2DMode":false,"pivot":{"x":-0.000504806637763977,"y":0.35326695442199709,"z":-0.000847935676574707},"rotation":{"x":-0.6693136692047119,"y":0.24573522806167603,"z":-0.25125759840011599,"w":-0.6546164751052856},"size":0.3555358648300171,"orthographic":true}